{ "_id" : "Female", "value" : { "avgHeight" : 166.81260913705597, "avgWeight" : 70.11331573604069 } }
{ "_id" : "Male", "value" : { "avgHeight" : 166.73708257621664, "avgWeight" : 70.00938824954578 } }