{ "_id" : "Male", "avgWeight" : 70.00938824954574, "avgHeight" : 166.73708257621644 }
{ "_id" : "Female", "avgWeight" : 70.11331573604062, "avgHeight" : 166.81260913705583 }